,id,alias,name,url,review_count,rating,transactions,price,phone,category,latitude,longitude
0,CFpVuZtTXNmIRRkNaT_fXg,el-camion-seattle-16,El Camion,https://www.yelp.com/biz/el-camion-seattle-16?adjust_creative=Yd84IPqpgzteXDQ2QE83uA&utm_campaign=yelp_api_v3&utm_medium=api_v3_business_search&utm_source=Yd84IPqpgzteXDQ2QE83uA,82,4.0,['delivery'],$,,"foodtrucks,mexican",47.661607,-122.287411
1,L7EpZh_kFu8NSFrAeXY3ag,off-the-rez-seattle,Off the Rez,https://www.yelp.com/biz/off-the-rez-seattle?adjust_creative=Yd84IPqpgzteXDQ2QE83uA&utm_campaign=yelp_api_v3&utm_medium=api_v3_business_search&utm_source=Yd84IPqpgzteXDQ2QE83uA,195,4.0,"['delivery', 'pickup']",$,+12064148226,"foodtrucks,burgers,tacos",47.6599202,-122.3118251
2,USoCUrnuGw1mwzVpo_dlmA,guanacos-tacos-pupuseria-seattle,Guanaco's Tacos Pupuseria,https://www.yelp.com/biz/guanacos-tacos-pupuseria-seattle?adjust_creative=Yd84IPqpgzteXDQ2QE83uA&utm_campaign=yelp_api_v3&utm_medium=api_v3_business_search&utm_source=Yd84IPqpgzteXDQ2QE83uA,338,4.0,"['delivery', 'pickup']",$$,+12065472369,"salvadoran,tacos",47.65714142901622,-122.3140288
3,Nm0amaHjKa97jR-PeJq6Zw,tnt-taqueria-seattle,TNT Taqueria,https://www.yelp.com/biz/tnt-taqueria-seattle?adjust_creative=Yd84IPqpgzteXDQ2QE83uA&utm_campaign=yelp_api_v3&utm_medium=api_v3_business_search&utm_source=Yd84IPqpgzteXDQ2QE83uA,444,4.0,['delivery'],$,+12063220124,mexican,47.6615085566491,-122.332939538228
4,Y_smWaJnZrOT3-uRBGkgLA,agua-verde-cafe-seattle,Agua Verde Cafe,https://www.yelp.com/biz/agua-verde-cafe-seattle?adjust_creative=Yd84IPqpgzteXDQ2QE83uA&utm_campaign=yelp_api_v3&utm_medium=api_v3_business_search&utm_source=Yd84IPqpgzteXDQ2QE83uA,996,3.5,"['delivery', 'pickup']",$$,+12065458570,"mexican,venues,breakfast_brunch",47.65161,-122.31441
5,nHUUnGJHkwMnseXNsd-yCw,rancho-bravo-tacos-seattle,Rancho Bravo Tacos,https://www.yelp.com/biz/rancho-bravo-tacos-seattle?adjust_creative=Yd84IPqpgzteXDQ2QE83uA&utm_campaign=yelp_api_v3&utm_medium=api_v3_business_search&utm_source=Yd84IPqpgzteXDQ2QE83uA,465,4.0,"['delivery', 'pickup']",$,,"mexican,foodtrucks",47.66119,-122.32651
6,ZTFVwQaFVhp_4BU33xoclg,the-counter-at-old-ballard-catering-seattle,The Counter At Old Ballard Catering,https://www.yelp.com/biz/the-counter-at-old-ballard-catering-seattle?adjust_creative=Yd84IPqpgzteXDQ2QE83uA&utm_campaign=yelp_api_v3&utm_medium=api_v3_business_search&utm_source=Yd84IPqpgzteXDQ2QE83uA,36,5.0,"['delivery', 'pickup']",,+12062574742,"newamerican,greek,tacos",47.675679,-122.311566
7,DFLkElEd8FUDiu7SerzW1Q,el-camion-seattle-20,El Camion,https://www.yelp.com/biz/el-camion-seattle-20?adjust_creative=Yd84IPqpgzteXDQ2QE83uA&utm_campaign=yelp_api_v3&utm_medium=api_v3_business_search&utm_source=Yd84IPqpgzteXDQ2QE83uA,11,4.0,[],,+12064685691,"foodtrucks,mexican,catering",47.67509,-122.31763
8,nwrKWcWG1_g8nyUaaUwqlA,tacos-chukis-seattle-5,Tacos Chukis,https://www.yelp.com/biz/tacos-chukis-seattle-5?adjust_creative=Yd84IPqpgzteXDQ2QE83uA&utm_campaign=yelp_api_v3&utm_medium=api_v3_business_search&utm_source=Yd84IPqpgzteXDQ2QE83uA,409,4.5,['delivery'],$,+12065189025,"tacos,sandwiches",47.6270336126469,-122.342103158844
9,WqQKSw8YEyyImnbzggmG5w,red-star-taco-bar-seattle,Red Star Taco Bar,https://www.yelp.com/biz/red-star-taco-bar-seattle?adjust_creative=Yd84IPqpgzteXDQ2QE83uA&utm_campaign=yelp_api_v3&utm_medium=api_v3_business_search&utm_source=Yd84IPqpgzteXDQ2QE83uA,336,4.0,['delivery'],$$,+12062583087,"mexican,cocktailbars",47.6514130785983,-122.351609878242
10,bKuX7i96PXUUg-3PdPXWzg,cocina-oaxaca-seattle-2,Cocina Oaxaca,https://www.yelp.com/biz/cocina-oaxaca-seattle-2?adjust_creative=Yd84IPqpgzteXDQ2QE83uA&utm_campaign=yelp_api_v3&utm_medium=api_v3_business_search&utm_source=Yd84IPqpgzteXDQ2QE83uA,90,4.5,"['delivery', 'pickup']",$$,+12067290980,mexican,47.6857307252324,-122.337145201195
11,lTx4VLOA8FvJraFv4vhriw,la-villa-mexican-restaurant-seattle-2,La Villa Mexican Restaurant,https://www.yelp.com/biz/la-villa-mexican-restaurant-seattle-2?adjust_creative=Yd84IPqpgzteXDQ2QE83uA&utm_campaign=yelp_api_v3&utm_medium=api_v3_business_search&utm_source=Yd84IPqpgzteXDQ2QE83uA,70,4.0,['delivery'],$$,+12063973555,"mexican,bars",47.668665,-122.290936
12,JCgvJyyYac5nJ1s-R3ZEBA,memos-mexican-food-restaurant-seattle,Memo's Mexican Food Restaurant,https://www.yelp.com/biz/memos-mexican-food-restaurant-seattle?adjust_creative=Yd84IPqpgzteXDQ2QE83uA&utm_campaign=yelp_api_v3&utm_medium=api_v3_business_search&utm_source=Yd84IPqpgzteXDQ2QE83uA,354,3.0,"['delivery', 'pickup']",$,+12067295071,mexican,47.6643199,-122.31334
13,B9QnfF7SF5aYoph_ijDObQ,d-la-santa-seattle,D' La Santa,https://www.yelp.com/biz/d-la-santa-seattle?adjust_creative=Yd84IPqpgzteXDQ2QE83uA&utm_campaign=yelp_api_v3&utm_medium=api_v3_business_search&utm_source=Yd84IPqpgzteXDQ2QE83uA,291,4.5,"['delivery', 'pickup']",$$,+12067092222,"mexican,steak",47.64123,-122.3202
14,_0njZVH4dgO47QtvfpaALg,el-naranjo-seattle,El Naranjo,https://www.yelp.com/biz/el-naranjo-seattle?adjust_creative=Yd84IPqpgzteXDQ2QE83uA&utm_campaign=yelp_api_v3&utm_medium=api_v3_business_search&utm_source=Yd84IPqpgzteXDQ2QE83uA,48,4.0,['delivery'],$,+12538806439,"mexican,foodtrucks",47.6816598887399,-122.343953344551
15,1PhVjWWx0BFfuQvFk-WrtA,mendozas-mexican-mercado-seattle,Mendoza's Mexican Mercado,https://www.yelp.com/biz/mendozas-mexican-mercado-seattle?adjust_creative=Yd84IPqpgzteXDQ2QE83uA&utm_campaign=yelp_api_v3&utm_medium=api_v3_business_search&utm_source=Yd84IPqpgzteXDQ2QE83uA,85,4.5,"['delivery', 'pickup']",$,+12062451089,"grocery,meats,tacos",47.68601,-122.34491
16,1xKrv2QFYV-5A83fOUtlOQ,pablo-y-pablo-seattle,Pablo y Pablo,https://www.yelp.com/biz/pablo-y-pablo-seattle?adjust_creative=Yd84IPqpgzteXDQ2QE83uA&utm_campaign=yelp_api_v3&utm_medium=api_v3_business_search&utm_source=Yd84IPqpgzteXDQ2QE83uA,339,3.5,['delivery'],$$,+12069733505,"mexican,cocktailbars",47.64793,-122.33855
17,bu5AlZ9P93829vbmAk97iw,pecado-bueno-seattle-6,Pecado Bueno,https://www.yelp.com/biz/pecado-bueno-seattle-6?adjust_creative=Yd84IPqpgzteXDQ2QE83uA&utm_campaign=yelp_api_v3&utm_medium=api_v3_business_search&utm_source=Yd84IPqpgzteXDQ2QE83uA,545,4.0,"['delivery', 'pickup']",$$,+12064578837,mexican,47.6592445373535,-122.350311279297
18,dUR6C4wH9jUNfz6jhs9evQ,la-conasupo-restaurant-and-market-seattle-2,La Conasupo Restaurant and Market,https://www.yelp.com/biz/la-conasupo-restaurant-and-market-seattle-2?adjust_creative=Yd84IPqpgzteXDQ2QE83uA&utm_campaign=yelp_api_v3&utm_medium=api_v3_business_search&utm_source=Yd84IPqpgzteXDQ2QE83uA,41,4.0,['delivery'],$,+12067820533,"grocery,mexican",47.6914299,-122.3549
19,Dz2iqMDZyGA50g9VXT89QA,mas-cafe-seattle,Mas Cafe,https://www.yelp.com/biz/mas-cafe-seattle?adjust_creative=Yd84IPqpgzteXDQ2QE83uA&utm_campaign=yelp_api_v3&utm_medium=api_v3_business_search&utm_source=Yd84IPqpgzteXDQ2QE83uA,17,4.5,"['delivery', 'pickup']",,+12064204623,"coffee,mexican,breakfast_brunch",47.648195,-122.334589
20,N2EzxRdyZhPe77GPiT6obQ,casa-patrón-seattle-3,Casa Patrón,https://www.yelp.com/biz/casa-patr%C3%B3n-seattle-3?adjust_creative=Yd84IPqpgzteXDQ2QE83uA&utm_campaign=yelp_api_v3&utm_medium=api_v3_business_search&utm_source=Yd84IPqpgzteXDQ2QE83uA,290,4.0,"['pickup', 'delivery']",$$,+12069237680,"mexican,bars,seafood",47.675669,-122.31954
21,q5qsgdX66gpNjCeTANHSWg,monarca-express-seattle,Monarca Express,https://www.yelp.com/biz/monarca-express-seattle?adjust_creative=Yd84IPqpgzteXDQ2QE83uA&utm_campaign=yelp_api_v3&utm_medium=api_v3_business_search&utm_source=Yd84IPqpgzteXDQ2QE83uA,54,4.0,['delivery'],$,+12069317220,"foodtrucks,mexican",47.6919878,-122.3066184
22,Jl51soj64xo1o5Jb98eoyw,tacos-guaymas-seattle-5,Tacos Guaymas,https://www.yelp.com/biz/tacos-guaymas-seattle-5?adjust_creative=Yd84IPqpgzteXDQ2QE83uA&utm_campaign=yelp_api_v3&utm_medium=api_v3_business_search&utm_source=Yd84IPqpgzteXDQ2QE83uA,272,3.0,"['pickup', 'delivery']",$$,+12067296563,"mexican,salad,bars",47.67815,-122.32775
23,w29GDwFn80F-5cNIEoLlQw,taco-time-seattle-6,Taco Time,https://www.yelp.com/biz/taco-time-seattle-6?adjust_creative=Yd84IPqpgzteXDQ2QE83uA&utm_campaign=yelp_api_v3&utm_medium=api_v3_business_search&utm_source=Yd84IPqpgzteXDQ2QE83uA,92,3.0,['delivery'],$,+12065477217,mexican,47.66157,-122.33167
24,cXy8VHX3REGTBQfwk5VTBQ,rositas-seattle,Rosita's,https://www.yelp.com/biz/rositas-seattle?adjust_creative=Yd84IPqpgzteXDQ2QE83uA&utm_campaign=yelp_api_v3&utm_medium=api_v3_business_search&utm_source=Yd84IPqpgzteXDQ2QE83uA,451,4.0,['delivery'],$$,+12065233031,mexican,47.68084,-122.32461
25,2dJiZfjTjNayPiey0AAo2Q,el-legendario-mexican-restaurant-seattle,El Legendario Mexican Restaurant,https://www.yelp.com/biz/el-legendario-mexican-restaurant-seattle?adjust_creative=Yd84IPqpgzteXDQ2QE83uA&utm_campaign=yelp_api_v3&utm_medium=api_v3_business_search&utm_source=Yd84IPqpgzteXDQ2QE83uA,178,4.0,"['pickup', 'delivery']",$$,+12065399731,mexican,47.6630959404654,-122.347594946623
26,wE-gNIBhkmxDv5f50rRX7Q,chipotle-mexican-grill-seattle-5,Chipotle Mexican Grill,https://www.yelp.com/biz/chipotle-mexican-grill-seattle-5?adjust_creative=Yd84IPqpgzteXDQ2QE83uA&utm_campaign=yelp_api_v3&utm_medium=api_v3_business_search&utm_source=Yd84IPqpgzteXDQ2QE83uA,261,3.5,['delivery'],$,+12065474644,"hotdogs,mexican",47.6592463,-122.313402274222
27,pEPGTcjFuu5mDbYBYevcKA,qdoba-mexican-eats-seattle-6,QDOBA Mexican Eats,https://www.yelp.com/biz/qdoba-mexican-eats-seattle-6?adjust_creative=Yd84IPqpgzteXDQ2QE83uA&utm_campaign=yelp_api_v3&utm_medium=api_v3_business_search&utm_source=Yd84IPqpgzteXDQ2QE83uA,102,3.0,"['pickup', 'delivery']",$,+12065470803,"mexican,hotdogs",47.6614673237322,-122.315230509303
28,WvSxKBy7TOZP52csSar65w,little-water-cantina-seattle,Little Water Cantina,https://www.yelp.com/biz/little-water-cantina-seattle?adjust_creative=Yd84IPqpgzteXDQ2QE83uA&utm_campaign=yelp_api_v3&utm_medium=api_v3_business_search&utm_source=Yd84IPqpgzteXDQ2QE83uA,470,3.0,"['pickup', 'delivery']",$$,+12063974940,"mexican,sportsbars",47.64723,-122.32491
29,7DPYPiqvGluEN_UXHTBhTQ,pecado-bueno-seattle-5,Pecado Bueno,https://www.yelp.com/biz/pecado-bueno-seattle-5?adjust_creative=Yd84IPqpgzteXDQ2QE83uA&utm_campaign=yelp_api_v3&utm_medium=api_v3_business_search&utm_source=Yd84IPqpgzteXDQ2QE83uA,109,3.5,"['pickup', 'delivery']",$$,+12066877423,"mexican,breakfast_brunch,diners",47.64122,-122.32552
30,z9YzVb0Tn6J5Z7a0uZSXsg,luna-azul-seattle,Luna Azul,https://www.yelp.com/biz/luna-azul-seattle?adjust_creative=Yd84IPqpgzteXDQ2QE83uA&utm_campaign=yelp_api_v3&utm_medium=api_v3_business_search&utm_source=Yd84IPqpgzteXDQ2QE83uA,179,4.5,"['pickup', 'delivery']",$$,+12067065392,"mexican,latin,beerbar",47.69155,-122.35498
31,vjt8PUqwPEDGhiqK6_dr9A,el-camino-seattle,El Camino,https://www.yelp.com/biz/el-camino-seattle?adjust_creative=Yd84IPqpgzteXDQ2QE83uA&utm_campaign=yelp_api_v3&utm_medium=api_v3_business_search&utm_source=Yd84IPqpgzteXDQ2QE83uA,464,3.5,"['pickup', 'delivery']",$$,+12066327303,"mexican,bars,desserts",47.650496,-122.350942
32,lj_PZ56a3GI4snjxN1qOmQ,gorditos-seattle-2,Gordito's,https://www.yelp.com/biz/gorditos-seattle-2?adjust_creative=Yd84IPqpgzteXDQ2QE83uA&utm_campaign=yelp_api_v3&utm_medium=api_v3_business_search&utm_source=Yd84IPqpgzteXDQ2QE83uA,781,4.0,['delivery'],$,+12067069352,"mexican,breakfast_brunch",47.69054,-122.355963
33,SJ44m4SCKjhUO_1bhIZzLw,taco-del-mar-seattle-10,Taco Del Mar,https://www.yelp.com/biz/taco-del-mar-seattle-10?adjust_creative=Yd84IPqpgzteXDQ2QE83uA&utm_campaign=yelp_api_v3&utm_medium=api_v3_business_search&utm_source=Yd84IPqpgzteXDQ2QE83uA,28,3.0,"['pickup', 'delivery']",$,+12067290670,"mexican,hotdogs,tex-mex",47.675732,-122.3160718
34,qzIumu1abxuNyvpH_JzI_A,arepa-venezuelan-kitchen-seattle,Arepa Venezuelan Kitchen,https://www.yelp.com/biz/arepa-venezuelan-kitchen-seattle?adjust_creative=Yd84IPqpgzteXDQ2QE83uA&utm_campaign=yelp_api_v3&utm_medium=api_v3_business_search&utm_source=Yd84IPqpgzteXDQ2QE83uA,309,4.5,"['pickup', 'delivery']",$,+12065564879,"venezuelan,empanadas,sandwiches",47.6647592219734,-122.312693352331
35,HSZiy61byjZ-eOl6oSvvMg,eureka-seattle-4,Eureka!,https://www.yelp.com/biz/eureka-seattle-4?adjust_creative=Yd84IPqpgzteXDQ2QE83uA&utm_campaign=yelp_api_v3&utm_medium=api_v3_business_search&utm_source=Yd84IPqpgzteXDQ2QE83uA,717,4.0,"['delivery', 'pickup']",$$,+12068129655,tradamerican,47.6619,-122.29909
36,xkRmagOWbvzSs2KxTMy4ug,flair-taco-seattle,Flair Taco,https://www.yelp.com/biz/flair-taco-seattle?adjust_creative=Yd84IPqpgzteXDQ2QE83uA&utm_campaign=yelp_api_v3&utm_medium=api_v3_business_search&utm_source=Yd84IPqpgzteXDQ2QE83uA,128,3.5,['delivery'],$,+12063562475,"foodtrucks,tacos",47.6520462036133,-122.354774475098
37,58cEuMDzyS2TkDm_oYEROQ,cactus-restaurants-seattle,Cactus Restaurants,https://www.yelp.com/biz/cactus-restaurants-seattle?adjust_creative=Yd84IPqpgzteXDQ2QE83uA&utm_campaign=yelp_api_v3&utm_medium=api_v3_business_search&utm_source=Yd84IPqpgzteXDQ2QE83uA,518,4.0,['delivery'],$$,+12063244140,"tex-mex,mexican,newmexican",47.636175,-122.2776929
38,5YBPO55cdj8lPRV29PTwMg,el-chupacabra-seattle,El Chupacabra,https://www.yelp.com/biz/el-chupacabra-seattle?adjust_creative=Yd84IPqpgzteXDQ2QE83uA&utm_campaign=yelp_api_v3&utm_medium=api_v3_business_search&utm_source=Yd84IPqpgzteXDQ2QE83uA,708,3.5,"['pickup', 'delivery']",$$,+12067064889,"mexican,bars",47.67814,-122.35568
39,wsYDBIQxnq7RtSlfa6xqBQ,don-luchos-restaurant-and-pisco-bar-seattle-4,Don Lucho's Restaurant & Pisco Bar,https://www.yelp.com/biz/don-luchos-restaurant-and-pisco-bar-seattle-4?adjust_creative=Yd84IPqpgzteXDQ2QE83uA&utm_campaign=yelp_api_v3&utm_medium=api_v3_business_search&utm_source=Yd84IPqpgzteXDQ2QE83uA,165,4.5,['delivery'],$$,+12062571333,"peruvian,sandwiches,foodtrucks",47.686674,-122.31782
40,bsY2THh3ItQ2bXjmrOnT1w,chipotle-mexican-grill-seattle-12,Chipotle Mexican Grill,https://www.yelp.com/biz/chipotle-mexican-grill-seattle-12?adjust_creative=Yd84IPqpgzteXDQ2QE83uA&utm_campaign=yelp_api_v3&utm_medium=api_v3_business_search&utm_source=Yd84IPqpgzteXDQ2QE83uA,55,2.5,['delivery'],$,+12065252147,"mexican,hotdogs",47.6619057,-122.298734681597
41,Hls6HZAZFNo0tK6C-ewQtg,señor-villa-seattle,Señor Villa,https://www.yelp.com/biz/se%C3%B1or-villa-seattle?adjust_creative=Yd84IPqpgzteXDQ2QE83uA&utm_campaign=yelp_api_v3&utm_medium=api_v3_business_search&utm_source=Yd84IPqpgzteXDQ2QE83uA,283,3.5,"['delivery', 'pickup']",$$,+12065175660,"mexican,bars",47.68775,-122.31141
42,SjivqxsLBimALQJjjysa2A,taco-del-mar-seattle-20,Taco Del Mar,https://www.yelp.com/biz/taco-del-mar-seattle-20?adjust_creative=Yd84IPqpgzteXDQ2QE83uA&utm_campaign=yelp_api_v3&utm_medium=api_v3_business_search&utm_source=Yd84IPqpgzteXDQ2QE83uA,53,3.5,"['delivery', 'pickup']",$,+12067064063,"mexican,hotdogs,tex-mex",47.687095,-122.354995
43,0UQsEeVHWubNJxSkbptu8g,taco-bell-seattle-18,Taco Bell,https://www.yelp.com/biz/taco-bell-seattle-18?adjust_creative=Yd84IPqpgzteXDQ2QE83uA&utm_campaign=yelp_api_v3&utm_medium=api_v3_business_search&utm_source=Yd84IPqpgzteXDQ2QE83uA,90,2.5,['delivery'],$,+12067290986,"hotdogs,mexican",47.694489,-122.344018
44,OJlYzcWkdrHhDyzwJi3bIQ,mojito-seattle,Mojito,https://www.yelp.com/biz/mojito-seattle?adjust_creative=Yd84IPqpgzteXDQ2QE83uA&utm_campaign=yelp_api_v3&utm_medium=api_v3_business_search&utm_source=Yd84IPqpgzteXDQ2QE83uA,773,4.5,"['delivery', 'pickup']",$$,+12065253162,"cuban,colombian,venezuelan",47.68448,-122.31602
45,RS-Hlsx7k90m5QODHDs5Cg,tapas-lab-seattle,Tapas Lab,https://www.yelp.com/biz/tapas-lab-seattle?adjust_creative=Yd84IPqpgzteXDQ2QE83uA&utm_campaign=yelp_api_v3&utm_medium=api_v3_business_search&utm_source=Yd84IPqpgzteXDQ2QE83uA,170,4.5,"['delivery', 'pickup']",$$,+12067751744,"tapasmallplates,spanish,asianfusion",47.67934,-122.32439
46,yds87barU543IKsndiiBqA,bok-a-bok-fried-chicken-seattle-9,Bok a Bok Fried Chicken,https://www.yelp.com/biz/bok-a-bok-fried-chicken-seattle-9?adjust_creative=Yd84IPqpgzteXDQ2QE83uA&utm_campaign=yelp_api_v3&utm_medium=api_v3_business_search&utm_source=Yd84IPqpgzteXDQ2QE83uA,68,3.0,"['delivery', 'pickup']",$$,+12066695976,"chicken_wings,chickenshop,sandwiches",47.66671,-122.3134
47,XIdmWw-OMx5nhpuTSdxYlQ,aladdin-gyro-cery-seattle,Aladdin Gyro-Cery,https://www.yelp.com/biz/aladdin-gyro-cery-seattle?adjust_creative=Yd84IPqpgzteXDQ2QE83uA&utm_campaign=yelp_api_v3&utm_medium=api_v3_business_search&utm_source=Yd84IPqpgzteXDQ2QE83uA,486,4.0,"['delivery', 'pickup']",$,+12066325253,"greek,mediterranean,halal",47.65805,-122.31346
48,Aynv2WtgWKwf1af15AOHAg,jack-in-the-box-seattle-14,Jack in the Box,https://www.yelp.com/biz/jack-in-the-box-seattle-14?adjust_creative=Yd84IPqpgzteXDQ2QE83uA&utm_campaign=yelp_api_v3&utm_medium=api_v3_business_search&utm_source=Yd84IPqpgzteXDQ2QE83uA,79,1.5,['delivery'],$,+12065255599,"burgers,hotdogs,tacos",47.6647661,-122.313355
49,w-lHnicR4mBMYbP2UU6m6w,the-yard-cafe-seattle,The Yard Cafe,https://www.yelp.com/biz/the-yard-cafe-seattle?adjust_creative=Yd84IPqpgzteXDQ2QE83uA&utm_campaign=yelp_api_v3&utm_medium=api_v3_business_search&utm_source=Yd84IPqpgzteXDQ2QE83uA,284,3.5,['delivery'],$$,+12065881746,"bars,mexican",47.6894402314399,-122.355698894402
50,Lor2nktYi-oiKGeLsywr4w,sizzle-and-crunch-seattle,Sizzle&Crunch,https://www.yelp.com/biz/sizzle-and-crunch-seattle?adjust_creative=Yd84IPqpgzteXDQ2QE83uA&utm_campaign=yelp_api_v3&utm_medium=api_v3_business_search&utm_source=Yd84IPqpgzteXDQ2QE83uA,363,4.0,['delivery'],$,,"vietnamese,salad,sandwiches",47.65822,-122.31372
51,DgNKaOrCZg4CB51QY2DHMQ,eight-row-seattle,Eight Row,https://www.yelp.com/biz/eight-row-seattle?adjust_creative=Yd84IPqpgzteXDQ2QE83uA&utm_campaign=yelp_api_v3&utm_medium=api_v3_business_search&utm_source=Yd84IPqpgzteXDQ2QE83uA,95,4.0,['delivery'],$$$,+12062943178,"newamerican,beerbar",47.68012,-122.32437
52,EAhPBA_qT2fe3RFk9eii3g,joey-kitchen-at-university-village-seattle-2,JOEY Kitchen At University Village,https://www.yelp.com/biz/joey-kitchen-at-university-village-seattle-2?adjust_creative=Yd84IPqpgzteXDQ2QE83uA&utm_campaign=yelp_api_v3&utm_medium=api_v3_business_search&utm_source=Yd84IPqpgzteXDQ2QE83uA,751,4.0,['delivery'],$$,+12065276188,"newamerican,steak,sandwiches",47.66164,-122.29969
53,-wZ7gDebbQRJVZvLPCeJVA,36-stone-seattle,36 Stone,https://www.yelp.com/biz/36-stone-seattle?adjust_creative=Yd84IPqpgzteXDQ2QE83uA&utm_campaign=yelp_api_v3&utm_medium=api_v3_business_search&utm_source=Yd84IPqpgzteXDQ2QE83uA,52,4.5,['delivery'],$$,+12065563438,"bars,tradamerican",47.65172,-122.34227
54,WxUTo2tUjcN5AxA6UzRFfw,big-time-brewing-company-seattle,Big Time Brewing Company,https://www.yelp.com/biz/big-time-brewing-company-seattle?adjust_creative=Yd84IPqpgzteXDQ2QE83uA&utm_campaign=yelp_api_v3&utm_medium=api_v3_business_search&utm_source=Yd84IPqpgzteXDQ2QE83uA,299,4.0,['delivery'],$$,+12065454509,"pubs,pizza,breweries",47.65784,-122.31354
55,BjOCmgbagZLdUMB4g8x60g,veggie-grill-seattle-4,Veggie Grill,https://www.yelp.com/biz/veggie-grill-seattle-4?adjust_creative=Yd84IPqpgzteXDQ2QE83uA&utm_campaign=yelp_api_v3&utm_medium=api_v3_business_search&utm_source=Yd84IPqpgzteXDQ2QE83uA,400,4.0,"['delivery', 'pickup']",$$,+12065231961,"newamerican,vegan,vegetarian",47.66288,-122.298584
56,68cen3yX8KV8785KcH_Hug,chile-pepper-restaurant-seattle,Chile Pepper Restaurant,https://www.yelp.com/biz/chile-pepper-restaurant-seattle?adjust_creative=Yd84IPqpgzteXDQ2QE83uA&utm_campaign=yelp_api_v3&utm_medium=api_v3_business_search&utm_source=Yd84IPqpgzteXDQ2QE83uA,186,3.5,['delivery'],$$,+12065451790,mexican,47.6611595153809,-122.339469909668
57,cKK_GWFw0UBKb4mflkljtg,siganos-seattle-6,Siganos,https://www.yelp.com/biz/siganos-seattle-6?adjust_creative=Yd84IPqpgzteXDQ2QE83uA&utm_campaign=yelp_api_v3&utm_medium=api_v3_business_search&utm_source=Yd84IPqpgzteXDQ2QE83uA,4,2.5,[],$,+12066851850,"foodtrucks,mexican",47.6511116027832,-122.309120178223
58,uxMkOgFI1XislcIMErBWUw,laredos-grill-seattle,Laredo's Grill,https://www.yelp.com/biz/laredos-grill-seattle?adjust_creative=Yd84IPqpgzteXDQ2QE83uA&utm_campaign=yelp_api_v3&utm_medium=api_v3_business_search&utm_source=Yd84IPqpgzteXDQ2QE83uA,420,4.0,"['delivery', 'pickup']",$$,+12062181040,"tex-mex,bars",47.6270499,-122.34587
59,jY6dEXwUOCwFKbyJWg5PWg,dreamland-bar-and-diner-seattle,Dreamland Bar & Diner,https://www.yelp.com/biz/dreamland-bar-and-diner-seattle?adjust_creative=Yd84IPqpgzteXDQ2QE83uA&utm_campaign=yelp_api_v3&utm_medium=api_v3_business_search&utm_source=Yd84IPqpgzteXDQ2QE83uA,55,4.5,[],,+12064024902,"breakfast_brunch,beerbar,cocktailbars",47.650109,-122.35162
60,hbRLOU75MXN_IZj-7xvjUA,lazy-susan-seattle,Lazy Susan,https://www.yelp.com/biz/lazy-susan-seattle?adjust_creative=Yd84IPqpgzteXDQ2QE83uA&utm_campaign=yelp_api_v3&utm_medium=api_v3_business_search&utm_source=Yd84IPqpgzteXDQ2QE83uA,57,4.0,['delivery'],$$,+12065882224,"korean,mexican",47.62703,-122.34772
61,lcjPofDCFb4LWeviUqsKCA,dicks-drive-in-seattle-2,Dick's Drive-In,https://www.yelp.com/biz/dicks-drive-in-seattle-2?adjust_creative=Yd84IPqpgzteXDQ2QE83uA&utm_campaign=yelp_api_v3&utm_medium=api_v3_business_search&utm_source=Yd84IPqpgzteXDQ2QE83uA,787,3.5,['delivery'],$,+12066325125,"hotdogs,burgers",47.66111,-122.32778
62,PBIjbh2VvcN_QVEARPkNCg,lets-taco-seattle-2,Let's Taco,https://www.yelp.com/biz/lets-taco-seattle-2?adjust_creative=Yd84IPqpgzteXDQ2QE83uA&utm_campaign=yelp_api_v3&utm_medium=api_v3_business_search&utm_source=Yd84IPqpgzteXDQ2QE83uA,6,2.0,"['pickup', 'delivery']",,+12066323963,tex-mex,47.652191,-122.352676
63,VcB2i_9vdtcBraRnF-GuuA,kabul-afghan-cuisine-seattle,Kabul Afghan Cuisine,https://www.yelp.com/biz/kabul-afghan-cuisine-seattle?adjust_creative=Yd84IPqpgzteXDQ2QE83uA&utm_campaign=yelp_api_v3&utm_medium=api_v3_business_search&utm_source=Yd84IPqpgzteXDQ2QE83uA,408,4.5,"['delivery', 'pickup']",$$,+12065459000,"afghani,vegan,vegetarian",47.66117,-122.33114
64,5aIb3Jg7wEFzE66OlcydOA,broadfork-cafe-seattle,Broadfork Cafe,https://www.yelp.com/biz/broadfork-cafe-seattle?adjust_creative=Yd84IPqpgzteXDQ2QE83uA&utm_campaign=yelp_api_v3&utm_medium=api_v3_business_search&utm_source=Yd84IPqpgzteXDQ2QE83uA,73,3.5,"['pickup', 'delivery']",$$,+12065226966,"vegan,cafes,breakfast_brunch",47.66474,-122.31556
65,n6hB6mIctJQDn-DAH7MpGg,dukes-seafood-seattle-8,Duke's Seafood,https://www.yelp.com/biz/dukes-seafood-seattle-8?adjust_creative=Yd84IPqpgzteXDQ2QE83uA&utm_campaign=yelp_api_v3&utm_medium=api_v3_business_search&utm_source=Yd84IPqpgzteXDQ2QE83uA,940,4.0,"['pickup', 'delivery']",$$,+12063829963,"seafood,bars",47.62985,-122.33041
66,xW8aXxMdmqbRqhE_noP1RQ,stone-way-cafe-seattle,Stone Way Cafe,https://www.yelp.com/biz/stone-way-cafe-seattle?adjust_creative=Yd84IPqpgzteXDQ2QE83uA&utm_campaign=yelp_api_v3&utm_medium=api_v3_business_search&utm_source=Yd84IPqpgzteXDQ2QE83uA,336,4.0,"['pickup', 'delivery']",$$,+12064204435,"coffee,sandwiches",47.64995,-122.34245
67,-sc1uSyVGWl54Y6D4MIIZg,dukes-seafood-seattle-9,Duke's Seafood,https://www.yelp.com/biz/dukes-seafood-seattle-9?adjust_creative=Yd84IPqpgzteXDQ2QE83uA&utm_campaign=yelp_api_v3&utm_medium=api_v3_business_search&utm_source=Yd84IPqpgzteXDQ2QE83uA,439,3.5,"['pickup', 'delivery']",$$,+12065224908,"seafood,bars",47.6860118,-122.3380937
68,TTVoBSvEWF65Z6BEKK9mbw,lula-salads-seattle,Lula Salads,https://www.yelp.com/biz/lula-salads-seattle?adjust_creative=Yd84IPqpgzteXDQ2QE83uA&utm_campaign=yelp_api_v3&utm_medium=api_v3_business_search&utm_source=Yd84IPqpgzteXDQ2QE83uA,64,5.0,['delivery'],$,+12068660405,"salad,foodtrucks",47.6619371,-122.3409264
69,Wk9f5Zpnu4T6Vzf6CF5iuA,paseo-seattle-11,Paseo,https://www.yelp.com/biz/paseo-seattle-11?adjust_creative=Yd84IPqpgzteXDQ2QE83uA&utm_campaign=yelp_api_v3&utm_medium=api_v3_business_search&utm_source=Yd84IPqpgzteXDQ2QE83uA,5147,4.5,"['delivery', 'pickup']",$$,+12065457440,"caribbean,cuban,sandwiches",47.65849,-122.35031
70,4ysAJBUfOcVjnpIRg6I6qw,cultivate-seattle-3,Cultivate,https://www.yelp.com/biz/cultivate-seattle-3?adjust_creative=Yd84IPqpgzteXDQ2QE83uA&utm_campaign=yelp_api_v3&utm_medium=api_v3_business_search&utm_source=Yd84IPqpgzteXDQ2QE83uA,124,3.0,['delivery'],$$,+12066853622,"newamerican,breakfast_brunch",47.65651,-122.31512
71,ehRi1S7QHUvl5LCJhEoepg,sand-point-grill-seattle-2,Sand Point Grill,https://www.yelp.com/biz/sand-point-grill-seattle-2?adjust_creative=Yd84IPqpgzteXDQ2QE83uA&utm_campaign=yelp_api_v3&utm_medium=api_v3_business_search&utm_source=Yd84IPqpgzteXDQ2QE83uA,123,4.0,['delivery'],$$,+12067291303,"newamerican,cocktailbars",47.66811,-122.27691
72,elIn9Sr5ysAd8Jm0oLnicQ,magnuson-cafe-and-brewery-seattle-2,Magnuson Cafe & Brewery,https://www.yelp.com/biz/magnuson-cafe-and-brewery-seattle-2?adjust_creative=Yd84IPqpgzteXDQ2QE83uA&utm_campaign=yelp_api_v3&utm_medium=api_v3_business_search&utm_source=Yd84IPqpgzteXDQ2QE83uA,179,3.5,['delivery'],$$,+12065250669,"brewpubs,breakfast_brunch",47.688274,-122.26489
73,eiiv6V121iaiBC4N5RcCNw,gyro-and-more-seattle,Gyro & More,https://www.yelp.com/biz/gyro-and-more-seattle?adjust_creative=Yd84IPqpgzteXDQ2QE83uA&utm_campaign=yelp_api_v3&utm_medium=api_v3_business_search&utm_source=Yd84IPqpgzteXDQ2QE83uA,36,5.0,"['pickup', 'delivery']",,+12069223821,"sandwiches,pizza,mediterranean",47.62997,-122.34254
74,j2XFwMQmQ3IQFRyhvicDWQ,beanfish-seattle-3,BeanFish,https://www.yelp.com/biz/beanfish-seattle-3?adjust_creative=Yd84IPqpgzteXDQ2QE83uA&utm_campaign=yelp_api_v3&utm_medium=api_v3_business_search&utm_source=Yd84IPqpgzteXDQ2QE83uA,151,4.0,[],$,+12028103474,"foodtrucks,japanese,waffles",47.6501840524394,-122.352953752531
75,u7SY4EWoUG5gcs_EM9RvNg,eastlake-bar-and-grill-seattle-2,Eastlake Bar & Grill,https://www.yelp.com/biz/eastlake-bar-and-grill-seattle-2?adjust_creative=Yd84IPqpgzteXDQ2QE83uA&utm_campaign=yelp_api_v3&utm_medium=api_v3_business_search&utm_source=Yd84IPqpgzteXDQ2QE83uA,497,3.5,"['pickup', 'delivery']",$$,+12069577777,"bars,breakfast_brunch,tradamerican",47.64851,-122.32407
76,UQ3i_E7q85W6VzsyHfaz8g,the-atlantic-crossing-seattle,The Atlantic Crossing,https://www.yelp.com/biz/the-atlantic-crossing-seattle?adjust_creative=Yd84IPqpgzteXDQ2QE83uA&utm_campaign=yelp_api_v3&utm_medium=api_v3_business_search&utm_source=Yd84IPqpgzteXDQ2QE83uA,173,4.0,['delivery'],$$,+12067296266,"pubs,british,sportsbars",47.67615,-122.31709
77,esHzJ47SzvtsJwRMIa7hxQ,latona-pub-seattle,Latona Pub,https://www.yelp.com/biz/latona-pub-seattle?adjust_creative=Yd84IPqpgzteXDQ2QE83uA&utm_campaign=yelp_api_v3&utm_medium=api_v3_business_search&utm_source=Yd84IPqpgzteXDQ2QE83uA,346,4.0,"['pickup', 'delivery']",$$,+12065252238,"pubs,burgers,salad",47.67572,-122.32568
78,qpfE2YYAN4DsKo_46yv2Qg,franks-oyster-house-and-champagne-parlor-seattle,Frank's Oyster House & Champagne Parlor,https://www.yelp.com/biz/franks-oyster-house-and-champagne-parlor-seattle?adjust_creative=Yd84IPqpgzteXDQ2QE83uA&utm_campaign=yelp_api_v3&utm_medium=api_v3_business_search&utm_source=Yd84IPqpgzteXDQ2QE83uA,330,4.0,['delivery'],$$,+12065250220,"newamerican,seafood,champagne_bars",47.66863,-122.29892
79,g8r5jy1KZvn9d67mFG5c7g,wedgwood-broiler-seattle,Wedgwood Broiler,https://www.yelp.com/biz/wedgwood-broiler-seattle?adjust_creative=Yd84IPqpgzteXDQ2QE83uA&utm_campaign=yelp_api_v3&utm_medium=api_v3_business_search&utm_source=Yd84IPqpgzteXDQ2QE83uA,195,3.0,"['pickup', 'delivery']",$$,+12065231115,"tradamerican,lounges",47.6891564412914,-122.290207175394
80,NppFKA3c9JbugFn9MYCbMA,sunlight-cafe-seattle,Sunlight Cafe,https://www.yelp.com/biz/sunlight-cafe-seattle?adjust_creative=Yd84IPqpgzteXDQ2QE83uA&utm_campaign=yelp_api_v3&utm_medium=api_v3_business_search&utm_source=Yd84IPqpgzteXDQ2QE83uA,318,3.5,"['delivery', 'pickup']",$$,+12065229060,"vegetarian,breakfast_brunch,burgers",47.6751896,-122.3183849
81,vXFuw8BrjZ9tgB7AimYHBA,coopers-alehouse-seattle,Cooper's Alehouse,https://www.yelp.com/biz/coopers-alehouse-seattle?adjust_creative=Yd84IPqpgzteXDQ2QE83uA&utm_campaign=yelp_api_v3&utm_medium=api_v3_business_search&utm_source=Yd84IPqpgzteXDQ2QE83uA,153,4.0,['delivery'],$$,+12065222923,"tradamerican,sportsbars,chicken_wings",47.68821,-122.31145
82,v2Z7JI6bQQhrJ2Kmm1mJjQ,ha-seattle,Ha!,https://www.yelp.com/biz/ha-seattle?adjust_creative=Yd84IPqpgzteXDQ2QE83uA&utm_campaign=yelp_api_v3&utm_medium=api_v3_business_search&utm_source=Yd84IPqpgzteXDQ2QE83uA,218,4.0,['delivery'],$$,+12065881169,"comfortfood,bars",47.65892,-122.34977
83,vnSWbn1zcx2GKQphjejedg,marination-mobile-seattle-3,Marination Mobile,https://www.yelp.com/biz/marination-mobile-seattle-3?adjust_creative=Yd84IPqpgzteXDQ2QE83uA&utm_campaign=yelp_api_v3&utm_medium=api_v3_business_search&utm_source=Yd84IPqpgzteXDQ2QE83uA,51,4.5,[],$,+12063288226,"foodtrucks,asianfusion,hawaiian",47.6321449279785,-122.34651184082
84,qijWfx0TntWienW8YmuSpg,314-pie-seattle,314 Pie,https://www.yelp.com/biz/314-pie-seattle?adjust_creative=Yd84IPqpgzteXDQ2QE83uA&utm_campaign=yelp_api_v3&utm_medium=api_v3_business_search&utm_source=Yd84IPqpgzteXDQ2QE83uA,63,4.0,[],$$,+14254292314,"foodtrucks,bakeries,australian",47.6287723340688,-122.345820646033
85,v-juMxNShiX3C35ti5cyFg,evergreens-salad-seattle-3,Evergreens Salad,https://www.yelp.com/biz/evergreens-salad-seattle-3?adjust_creative=Yd84IPqpgzteXDQ2QE83uA&utm_campaign=yelp_api_v3&utm_medium=api_v3_business_search&utm_source=Yd84IPqpgzteXDQ2QE83uA,112,3.5,['delivery'],$$,+12065240741,"salad,wraps",47.66392,-122.28555
86,Vwbp0MOK_x5aID_-yy00IQ,zaina-food-drinks-and-friends-seattle-3,Zaina Food Drinks & Friends,https://www.yelp.com/biz/zaina-food-drinks-and-friends-seattle-3?adjust_creative=Yd84IPqpgzteXDQ2QE83uA&utm_campaign=yelp_api_v3&utm_medium=api_v3_business_search&utm_source=Yd84IPqpgzteXDQ2QE83uA,211,4.0,['delivery'],$,+12065283876,"greek,mediterranean,mideastern",47.6869020409215,-122.312771492244
87,FJlMfEtr7E-uTzUxspuzIg,cedars-restaurant-seattle-5,Cedars Restaurant,https://www.yelp.com/biz/cedars-restaurant-seattle-5?adjust_creative=Yd84IPqpgzteXDQ2QE83uA&utm_campaign=yelp_api_v3&utm_medium=api_v3_business_search&utm_source=Yd84IPqpgzteXDQ2QE83uA,863,4.0,"['delivery', 'pickup']",$$,+12065274000,"indpak,mediterranean",47.6647397425756,-122.31433656316
88,UDsRbNycXhKU3M5dhVGm2g,buddha-bruddah-seattle-3,Buddha Bruddah,https://www.yelp.com/biz/buddha-bruddah-seattle-3?adjust_creative=Yd84IPqpgzteXDQ2QE83uA&utm_campaign=yelp_api_v3&utm_medium=api_v3_business_search&utm_source=Yd84IPqpgzteXDQ2QE83uA,86,3.5,[],$,+12065564134,"foodtrucks,asianfusion,hawaiian",47.6321449279785,-122.34651184082
89,uVRLorFxUcquz1rkv4c3Eg,luckys-pho-seattle,Lucky's Pho,https://www.yelp.com/biz/luckys-pho-seattle?adjust_creative=Yd84IPqpgzteXDQ2QE83uA&utm_campaign=yelp_api_v3&utm_medium=api_v3_business_search&utm_source=Yd84IPqpgzteXDQ2QE83uA,271,4.0,"['delivery', 'pickup']",$,+12065475125,"vietnamese,noodles,sandwiches",47.6496583727287,-122.349531082803
90,e-kVuLSYoTbyKcodoZ_eDQ,shelter-lounge-seattle-3,Shelter Lounge,https://www.yelp.com/biz/shelter-lounge-seattle-3?adjust_creative=Yd84IPqpgzteXDQ2QE83uA&utm_campaign=yelp_api_v3&utm_medium=api_v3_business_search&utm_source=Yd84IPqpgzteXDQ2QE83uA,346,3.0,['delivery'],$$,+12064207452,"lounges,newamerican",47.6801682,-122.3254471
91,sLH8jNRpsq7UFJRPpUGMgQ,the-westy-roosevelt-seattle,The Westy Roosevelt,https://www.yelp.com/biz/the-westy-roosevelt-seattle?adjust_creative=Yd84IPqpgzteXDQ2QE83uA&utm_campaign=yelp_api_v3&utm_medium=api_v3_business_search&utm_source=Yd84IPqpgzteXDQ2QE83uA,54,4.0,['delivery'],$$,+12064025518,"sportsbars,tradamerican",47.67561,-122.31502
92,zSp9rLzeGCrvrGNUejN1dQ,finn-maccools-irish-public-house-seattle,Finn MacCool's Irish Public House,https://www.yelp.com/biz/finn-maccools-irish-public-house-seattle?adjust_creative=Yd84IPqpgzteXDQ2QE83uA&utm_campaign=yelp_api_v3&utm_medium=api_v3_business_search&utm_source=Yd84IPqpgzteXDQ2QE83uA,176,3.0,['delivery'],$,+12066750885,"irish,pubs,pizza",47.658947,-122.313523
93,XkSIBXiCPKU3dpukTE7hyg,ravenna-varsity-restaurant-seattle,Ravenna Varsity Restaurant,https://www.yelp.com/biz/ravenna-varsity-restaurant-seattle?adjust_creative=Yd84IPqpgzteXDQ2QE83uA&utm_campaign=yelp_api_v3&utm_medium=api_v3_business_search&utm_source=Yd84IPqpgzteXDQ2QE83uA,118,3.0,"['delivery', 'pickup']",$$,+12065252701,"coffee,breakfast_brunch,tradamerican",47.6759185791016,-122.30241394043
94,zJmCi6rbqzwveazbekd63A,alley-cat-seattle,Alley Cat,https://www.yelp.com/biz/alley-cat-seattle?adjust_creative=Yd84IPqpgzteXDQ2QE83uA&utm_campaign=yelp_api_v3&utm_medium=api_v3_business_search&utm_source=Yd84IPqpgzteXDQ2QE83uA,1,5.0,['delivery'],,+12065882570,sandwiches,47.65117,-122.35047
95,HSvxkRy8GQTZX56OFB4L-g,samurai-noodle-seattle-3,Samurai Noodle,https://www.yelp.com/biz/samurai-noodle-seattle-3?adjust_creative=Yd84IPqpgzteXDQ2QE83uA&utm_campaign=yelp_api_v3&utm_medium=api_v3_business_search&utm_source=Yd84IPqpgzteXDQ2QE83uA,366,3.0,"['delivery', 'pickup']",$$,+12065471774,"ramen,noodles",47.65799,-122.31288
96,phbhMeEye0H2I009xbID2w,the-backdoor-seattle,The Backdoor,https://www.yelp.com/biz/the-backdoor-seattle?adjust_creative=Yd84IPqpgzteXDQ2QE83uA&utm_campaign=yelp_api_v3&utm_medium=api_v3_business_search&utm_source=Yd84IPqpgzteXDQ2QE83uA,270,4.0,[],$$,+12066327322,"newamerican,speakeasies,cocktailbars",47.65219,-122.35267
97,CPmmUbXk9_CBM890V30zzw,sinbad-express-seattle,Sinbad Express,https://www.yelp.com/biz/sinbad-express-seattle?adjust_creative=Yd84IPqpgzteXDQ2QE83uA&utm_campaign=yelp_api_v3&utm_medium=api_v3_business_search&utm_source=Yd84IPqpgzteXDQ2QE83uA,297,4.0,"['delivery', 'pickup']",$$,+12066327426,mediterranean,47.651267401768,-122.350738495588
98,3TEdx5lOu6f1rVLVJSpxgw,costas-restaurant-seattle,Costa's Restaurant,https://www.yelp.com/biz/costas-restaurant-seattle?adjust_creative=Yd84IPqpgzteXDQ2QE83uA&utm_campaign=yelp_api_v3&utm_medium=api_v3_business_search&utm_source=Yd84IPqpgzteXDQ2QE83uA,313,3.0,"['delivery', 'pickup']",$$,+12066332751,"greek,mediterranean,breakfast_brunch",47.66295,-122.3134
99,Lk-RRIxK9_0OjMta4jdkTQ,otter-bar-and-burger-seattle,Otter Bar And Burger,https://www.yelp.com/biz/otter-bar-and-burger-seattle?adjust_creative=Yd84IPqpgzteXDQ2QE83uA&utm_campaign=yelp_api_v3&utm_medium=api_v3_business_search&utm_source=Yd84IPqpgzteXDQ2QE83uA,101,3.5,['delivery'],$$,+12069069401,"bars,burgers",47.6418537,-122.3261937
100,xcZZ0Gm81bl8xQfvws231A,uneeda-burger-seattle,Uneeda Burger,https://www.yelp.com/biz/uneeda-burger-seattle?adjust_creative=Yd84IPqpgzteXDQ2QE83uA&utm_campaign=yelp_api_v3&utm_medium=api_v3_business_search&utm_source=Yd84IPqpgzteXDQ2QE83uA,1259,4.0,['delivery'],$$,+12065472600,"burgers,sandwiches",47.65952,-122.34976
101,ageaxK4wI-J6EmsnKEH3lQ,lagétta-pasta-and-pub-seattle,Lagétta Pasta & Pub,https://www.yelp.com/biz/lag%C3%A9tta-pasta-and-pub-seattle?adjust_creative=Yd84IPqpgzteXDQ2QE83uA&utm_campaign=yelp_api_v3&utm_medium=api_v3_business_search&utm_source=Yd84IPqpgzteXDQ2QE83uA,1,5.0,"['pickup', 'delivery']",,+12066877047,"italian,pubs,cocktailbars",47.6819957532221,-122.344716996925
102,IhdHi2fdVQ8kwQOk--SciA,the-dock-sports-bar-and-grill-seattle,The Dock Sports Bar & Grill,https://www.yelp.com/biz/the-dock-sports-bar-and-grill-seattle?adjust_creative=Yd84IPqpgzteXDQ2QE83uA&utm_campaign=yelp_api_v3&utm_medium=api_v3_business_search&utm_source=Yd84IPqpgzteXDQ2QE83uA,187,3.0,"['pickup', 'delivery']",$$,+12068298372,"tradamerican,sportsbars,karaoke",47.6488571166992,-122.343627929688
103,wx9wFL8MSvPtUv0727nzSg,pacific-inn-pub-seattle,Pacific Inn Pub,https://www.yelp.com/biz/pacific-inn-pub-seattle?adjust_creative=Yd84IPqpgzteXDQ2QE83uA&utm_campaign=yelp_api_v3&utm_medium=api_v3_business_search&utm_source=Yd84IPqpgzteXDQ2QE83uA,331,4.0,['delivery'],$,+12065472967,"divebars,tradamerican,fishnchips",47.64965,-122.34309
104,CycF-FKea-x1jGukd4khyg,the-white-swan-public-house-seattle-2,The White Swan Public House,https://www.yelp.com/biz/the-white-swan-public-house-seattle-2?adjust_creative=Yd84IPqpgzteXDQ2QE83uA&utm_campaign=yelp_api_v3&utm_medium=api_v3_business_search&utm_source=Yd84IPqpgzteXDQ2QE83uA,237,4.0,"['delivery', 'pickup']",$$,+12065882680,"bars,seafood,venues",47.6288185119629,-122.331748962402
105,YxOA2LgFcVuyN3kkops7IQ,the-maple-seattle,The Maple,https://www.yelp.com/biz/the-maple-seattle?adjust_creative=Yd84IPqpgzteXDQ2QE83uA&utm_campaign=yelp_api_v3&utm_medium=api_v3_business_search&utm_source=Yd84IPqpgzteXDQ2QE83uA,225,4.0,['delivery'],$$,+12064026135,"breakfast_brunch,tradamerican,cocktailbars",47.69389,-122.31792
106,404qACN5-6dinNMaqCyUng,the-torta-shop-seattle,The Torta Shop,https://www.yelp.com/biz/the-torta-shop-seattle?adjust_creative=Yd84IPqpgzteXDQ2QE83uA&utm_campaign=yelp_api_v3&utm_medium=api_v3_business_search&utm_source=Yd84IPqpgzteXDQ2QE83uA,1,3.0,['delivery'],,,sandwiches,47.659214,-122.350368
107,6bsvnSef1lsaW76slfBPjA,greenlake-grill-seattle-4,Greenlake Grill,https://www.yelp.com/biz/greenlake-grill-seattle-4?adjust_creative=Yd84IPqpgzteXDQ2QE83uA&utm_campaign=yelp_api_v3&utm_medium=api_v3_business_search&utm_source=Yd84IPqpgzteXDQ2QE83uA,500,3.5,"['pickup', 'delivery']",$$,+12067296179,"tradamerican,bars,breakfast_brunch",47.68049,-122.32571
108,ekr2Pik1Dol4K6yw49I_VA,luu-s-cafe-seattle,Luu’s Cafe,https://www.yelp.com/biz/luu-s-cafe-seattle?adjust_creative=Yd84IPqpgzteXDQ2QE83uA&utm_campaign=yelp_api_v3&utm_medium=api_v3_business_search&utm_source=Yd84IPqpgzteXDQ2QE83uA,40,4.5,[],,+12069466778,"waffles,sandwiches,bubbletea",47.690422,-122.291054
109,e6qDxCoAcOP3UQo7ksjwwA,bamboo-village-restaurant-seattle-2,Bamboo Village Restaurant,https://www.yelp.com/biz/bamboo-village-restaurant-seattle-2?adjust_creative=Yd84IPqpgzteXDQ2QE83uA&utm_campaign=yelp_api_v3&utm_medium=api_v3_business_search&utm_source=Yd84IPqpgzteXDQ2QE83uA,256,3.5,"['pickup', 'delivery']",$$,+12066328888,dimsum,47.6645,-122.34026
110,RonhjBesAHEsqwcMhFh5TA,jack-in-the-box-seattle-7,Jack in the Box,https://www.yelp.com/biz/jack-in-the-box-seattle-7?adjust_creative=Yd84IPqpgzteXDQ2QE83uA&utm_campaign=yelp_api_v3&utm_medium=api_v3_business_search&utm_source=Yd84IPqpgzteXDQ2QE83uA,50,2.5,['delivery'],$,+12065242296,"hotdogs,burgers,tacos",47.6908038530142,-122.344072
111,N3KaArUnY-jd6RxnKm7rEA,a-pizza-mart-bar-and-grill-seattle,A Pizza Mart Bar & Grill,https://www.yelp.com/biz/a-pizza-mart-bar-and-grill-seattle?adjust_creative=Yd84IPqpgzteXDQ2QE83uA&utm_campaign=yelp_api_v3&utm_medium=api_v3_business_search&utm_source=Yd84IPqpgzteXDQ2QE83uA,73,2.5,"['pickup', 'delivery']",$$,+12065174000,"bars,pizza",47.66776,-122.3127
112,EXbGW-FQzH8Jh7T9zrVCSQ,the-mountaineering-club-seattle-4,The Mountaineering Club,https://www.yelp.com/biz/the-mountaineering-club-seattle-4?adjust_creative=Yd84IPqpgzteXDQ2QE83uA&utm_campaign=yelp_api_v3&utm_medium=api_v3_business_search&utm_source=Yd84IPqpgzteXDQ2QE83uA,123,3.5,[],$$,+12066342000,"cocktailbars,sandwiches,hotdog",47.6615749747441,-122.314511872436
113,uXaDNYDuwbjIfeESV54DxA,74th-street-ale-house-seattle,74th Street Ale House,https://www.yelp.com/biz/74th-street-ale-house-seattle?adjust_creative=Yd84IPqpgzteXDQ2QE83uA&utm_campaign=yelp_api_v3&utm_medium=api_v3_business_search&utm_source=Yd84IPqpgzteXDQ2QE83uA,244,3.5,['delivery'],$$,+12067842955,"pubs,newamerican,beerbar",47.682683,-122.35562
114,nT3E2EORXiaX2aAvUIsVBg,swel-restaurant-seattle-2,SWeL Restaurant,https://www.yelp.com/biz/swel-restaurant-seattle-2?adjust_creative=Yd84IPqpgzteXDQ2QE83uA&utm_campaign=yelp_api_v3&utm_medium=api_v3_business_search&utm_source=Yd84IPqpgzteXDQ2QE83uA,300,4.5,['delivery'],$$,+12064589815,newamerican,47.650697,-122.35178
115,Y0zGIrcJEjDqUEu2QsrRmg,wayward-vegan-cafe-seattle-2,Wayward Vegan Cafe,https://www.yelp.com/biz/wayward-vegan-cafe-seattle-2?adjust_creative=Yd84IPqpgzteXDQ2QE83uA&utm_campaign=yelp_api_v3&utm_medium=api_v3_business_search&utm_source=Yd84IPqpgzteXDQ2QE83uA,685,4.0,"['delivery', 'pickup']",$$,+12065240204,"breakfast_brunch,vegan,vegetarian",47.67572546669312,-122.31987937237436
116,WA7EgLQVZH5hU1BAnKsWQQ,varsity-inn-restaurant-seattle-2,Varsity Inn Restaurant,https://www.yelp.com/biz/varsity-inn-restaurant-seattle-2?adjust_creative=Yd84IPqpgzteXDQ2QE83uA&utm_campaign=yelp_api_v3&utm_medium=api_v3_business_search&utm_source=Yd84IPqpgzteXDQ2QE83uA,137,4.0,['delivery'],$,+12065472161,diners,47.6478805541992,-122.335983276367
117,6KdeE1zBSNaSH6llnaP-_Q,kiss-my-grits-seattle,Kiss My Grits,https://www.yelp.com/biz/kiss-my-grits-seattle?adjust_creative=Yd84IPqpgzteXDQ2QE83uA&utm_campaign=yelp_api_v3&utm_medium=api_v3_business_search&utm_source=Yd84IPqpgzteXDQ2QE83uA,45,4.0,[],$$,+14252439525,"foodtrucks,filipino,catering",47.65718,-122.34893
118,D9vek2JvbXLwCVIfxmp2mg,julias-of-wallingford-seattle,Julia's of Wallingford,https://www.yelp.com/biz/julias-of-wallingford-seattle?adjust_creative=Yd84IPqpgzteXDQ2QE83uA&utm_campaign=yelp_api_v3&utm_medium=api_v3_business_search&utm_source=Yd84IPqpgzteXDQ2QE83uA,357,3.0,"['pickup', 'delivery']",$$,+12066331175,"breakfast_brunch,tradamerican,vegetarian",47.660474,-122.336286
119,nb-V_O9rYbhScKG86JBFgg,wing-dome-seattle-4,Wing Dome,https://www.yelp.com/biz/wing-dome-seattle-4?adjust_creative=Yd84IPqpgzteXDQ2QE83uA&utm_campaign=yelp_api_v3&utm_medium=api_v3_business_search&utm_source=Yd84IPqpgzteXDQ2QE83uA,477,3.0,"['pickup', 'delivery']",$$,+12067064036,"chicken_wings,bbq",47.686088,-122.354999
120,Dj9UJMxrhg-mOVvbG0abPA,art-of-the-table-seattle,Art of The Table,https://www.yelp.com/biz/art-of-the-table-seattle?adjust_creative=Yd84IPqpgzteXDQ2QE83uA&utm_campaign=yelp_api_v3&utm_medium=api_v3_business_search&utm_source=Yd84IPqpgzteXDQ2QE83uA,662,4.0,['delivery'],$$$$,+12062820942,newamerican,47.6528780234499,-122.342783700594
121,N_-gjv4iMPw5o6-qqCoBaQ,mcgilvras-seattle,McGilvra's,https://www.yelp.com/biz/mcgilvras-seattle?adjust_creative=Yd84IPqpgzteXDQ2QE83uA&utm_campaign=yelp_api_v3&utm_medium=api_v3_business_search&utm_source=Yd84IPqpgzteXDQ2QE83uA,154,3.0,['delivery'],$$,+12063250834,"irish,irish_pubs",47.6364311254914,-122.277245850419
122,iLxxFm2BVKTXjitoSlZDXQ,the-park-public-house-seattle,The Park Public House,https://www.yelp.com/biz/the-park-public-house-seattle?adjust_creative=Yd84IPqpgzteXDQ2QE83uA&utm_campaign=yelp_api_v3&utm_medium=api_v3_business_search&utm_source=Yd84IPqpgzteXDQ2QE83uA,194,4.0,"['pickup', 'delivery']",$$,+12067898187,"pubs,sportsbars,tradamerican",47.67367,-122.35406
123,FZrY2w0IDOj_yMHCohN6UQ,kates-pub-seattle,Kate's Pub,https://www.yelp.com/biz/kates-pub-seattle?adjust_creative=Yd84IPqpgzteXDQ2QE83uA&utm_campaign=yelp_api_v3&utm_medium=api_v3_business_search&utm_source=Yd84IPqpgzteXDQ2QE83uA,291,4.0,['delivery'],$,+12065476832,"pubs,tradamerican",47.6611,-122.32461
124,IsNGdkrf6SPoo3jBHPhw3w,murphys-pub-seattle,Murphy's Pub,https://www.yelp.com/biz/murphys-pub-seattle?adjust_creative=Yd84IPqpgzteXDQ2QE83uA&utm_campaign=yelp_api_v3&utm_medium=api_v3_business_search&utm_source=Yd84IPqpgzteXDQ2QE83uA,231,3.5,['delivery'],$$,+12066342110,"irish,irish_pubs",47.661611,-122.333934
125,eF1jlf-dYlJDCxQ8QRo3ww,st-andrews-bar-and-grill-seattle,St Andrews Bar & Grill,https://www.yelp.com/biz/st-andrews-bar-and-grill-seattle?adjust_creative=Yd84IPqpgzteXDQ2QE83uA&utm_campaign=yelp_api_v3&utm_medium=api_v3_business_search&utm_source=Yd84IPqpgzteXDQ2QE83uA,128,4.0,['delivery'],$$,+12065231193,"tradamerican,venues,pubs",47.6832043,-122.344188907375
126,UzK3-_VXrBwT2j4ULAWEXQ,the-masonry-seattle-2,The Masonry,https://www.yelp.com/biz/the-masonry-seattle-2?adjust_creative=Yd84IPqpgzteXDQ2QE83uA&utm_campaign=yelp_api_v3&utm_medium=api_v3_business_search&utm_source=Yd84IPqpgzteXDQ2QE83uA,102,3.5,['delivery'],$$,+12065574907,"pizza,beerbar",47.6495849,-122.3487243
127,jOOGEOgE6ACHdm5n7nChbg,blue-star-cafe-and-pub-seattle-3,Blue Star Cafe & Pub,https://www.yelp.com/biz/blue-star-cafe-and-pub-seattle-3?adjust_creative=Yd84IPqpgzteXDQ2QE83uA&utm_campaign=yelp_api_v3&utm_medium=api_v3_business_search&utm_source=Yd84IPqpgzteXDQ2QE83uA,539,3.5,"['pickup', 'delivery']",$$,+12065480345,"breakfast_brunch,burgers,tradamerican",47.6618799,-122.34174
128,q9gG8kV5dduvM6oXbUjqPg,ltd-bar-and-grill-seattle,LTD Bar & Grill,https://www.yelp.com/biz/ltd-bar-and-grill-seattle?adjust_creative=Yd84IPqpgzteXDQ2QE83uA&utm_campaign=yelp_api_v3&utm_medium=api_v3_business_search&utm_source=Yd84IPqpgzteXDQ2QE83uA,133,3.5,"['pickup', 'delivery']",$$,+12066327876,"sportsbars,tradamerican,breakfast_brunch",47.65216,-122.35522
129,yAunXGb3Nu7iwNlA9cXxSg,olympia-pizza-and-spaghetti-house-ii-seattle,Olympia Pizza & Spaghetti House II,https://www.yelp.com/biz/olympia-pizza-and-spaghetti-house-ii-seattle?adjust_creative=Yd84IPqpgzteXDQ2QE83uA&utm_campaign=yelp_api_v3&utm_medium=api_v3_business_search&utm_source=Yd84IPqpgzteXDQ2QE83uA,132,3.0,"['pickup', 'delivery']",$$,+12066333655,"pizza,italian",47.661795,-122.340997
130,9YeSEzr8HZMCuQlAyr8FPw,thai-tom-seattle,Thai Tom,https://www.yelp.com/biz/thai-tom-seattle?adjust_creative=Yd84IPqpgzteXDQ2QE83uA&utm_campaign=yelp_api_v3&utm_medium=api_v3_business_search&utm_source=Yd84IPqpgzteXDQ2QE83uA,2232,3.5,[],$,+12065489548,thai,47.662455,-122.3132706
131,qLcelhqQmLAksF-2Am6bbw,north-star-diner-and-shanghai-room-seattle,North Star Diner & Shanghai Room,https://www.yelp.com/biz/north-star-diner-and-shanghai-room-seattle?adjust_creative=Yd84IPqpgzteXDQ2QE83uA&utm_campaign=yelp_api_v3&utm_medium=api_v3_business_search&utm_source=Yd84IPqpgzteXDQ2QE83uA,299,4.0,"['pickup', 'delivery']",$$,+12064575794,"diners,breakfast_brunch,divebars",47.6922343371546,-122.355083066272
132,TISnbJvKQTMm3A2lPeBEdA,modern-japanese-cuisine-seattle-2,Modern Japanese Cuisine,https://www.yelp.com/biz/modern-japanese-cuisine-seattle-2?adjust_creative=Yd84IPqpgzteXDQ2QE83uA&utm_campaign=yelp_api_v3&utm_medium=api_v3_business_search&utm_source=Yd84IPqpgzteXDQ2QE83uA,155,4.0,"['pickup', 'delivery']",$$,+12064204088,"sushi,japanese",47.67349,-122.3541
133,V8fpRR_kjIpIuVJVqnGJNw,norms-eatery-and-ale-house-seattle,Norm's Eatery & Ale House,https://www.yelp.com/biz/norms-eatery-and-ale-house-seattle?adjust_creative=Yd84IPqpgzteXDQ2QE83uA&utm_campaign=yelp_api_v3&utm_medium=api_v3_business_search&utm_source=Yd84IPqpgzteXDQ2QE83uA,603,4.0,"['pickup', 'delivery']",$$,+12065471417,"tradamerican,bars,breakfast_brunch",47.65221,-122.35308
134,sLxobzy_UAfZ3q3A9MdtDA,art-marble-21-seattle-2,Art Marble 21,https://www.yelp.com/biz/art-marble-21-seattle-2?adjust_creative=Yd84IPqpgzteXDQ2QE83uA&utm_campaign=yelp_api_v3&utm_medium=api_v3_business_search&utm_source=Yd84IPqpgzteXDQ2QE83uA,360,3.5,['delivery'],$$,+12062230300,"cocktailbars,newamerican,venues",47.6265993,-122.3395
135,h_uBNJO_Mv8Rqgv1add4wg,14-carrot-cafe-seattle,14 Carrot Cafe,https://www.yelp.com/biz/14-carrot-cafe-seattle?adjust_creative=Yd84IPqpgzteXDQ2QE83uA&utm_campaign=yelp_api_v3&utm_medium=api_v3_business_search&utm_source=Yd84IPqpgzteXDQ2QE83uA,302,4.0,['delivery'],$$,+12063241442,"breakfast_brunch,cafes",47.63995,-122.32612
136,MRNcnBmlRB7bLDXP7y25hQ,yannis-greek-restaurant-seattle,Yanni's Greek Restaurant,https://www.yelp.com/biz/yannis-greek-restaurant-seattle?adjust_creative=Yd84IPqpgzteXDQ2QE83uA&utm_campaign=yelp_api_v3&utm_medium=api_v3_business_search&utm_source=Yd84IPqpgzteXDQ2QE83uA,271,4.0,"['pickup', 'delivery']",$$,+12067836945,"greek,mediterranean,comfortfood",47.6830799,-122.35558
137,EP1SGHNwZNKe82wfqIsPkw,brouwers-cafe-seattle,Brouwer's Cafe,https://www.yelp.com/biz/brouwers-cafe-seattle?adjust_creative=Yd84IPqpgzteXDQ2QE83uA&utm_campaign=yelp_api_v3&utm_medium=api_v3_business_search&utm_source=Yd84IPqpgzteXDQ2QE83uA,983,4.0,['delivery'],$$,+12062672437,"modern_european,pubs,belgian",47.65163,-122.35423
138,HQmAk1k-ckRfouOejVyZYA,rain-forest-food-pavilion-seattle,Rain Forest Food Pavilion,https://www.yelp.com/biz/rain-forest-food-pavilion-seattle?adjust_creative=Yd84IPqpgzteXDQ2QE83uA&utm_campaign=yelp_api_v3&utm_medium=api_v3_business_search&utm_source=Yd84IPqpgzteXDQ2QE83uA,19,3.0,['delivery'],$$,+12065482500,food_court,47.6685049384832,-122.354342713952
139,Avn84mA7UXE8GkSCF9QVmQ,pacific-blue-chowder-house-seattle,Pacific Blue Chowder House,https://www.yelp.com/biz/pacific-blue-chowder-house-seattle?adjust_creative=Yd84IPqpgzteXDQ2QE83uA&utm_campaign=yelp_api_v3&utm_medium=api_v3_business_search&utm_source=Yd84IPqpgzteXDQ2QE83uA,11,2.5,[],$$,+12065482500,seafood,47.669302,-122.349618
140,gwX5WlwFm7nfSbqQyaW4og,bleachers-pub-seattle,Bleachers Pub,https://www.yelp.com/biz/bleachers-pub-seattle?adjust_creative=Yd84IPqpgzteXDQ2QE83uA&utm_campaign=yelp_api_v3&utm_medium=api_v3_business_search&utm_source=Yd84IPqpgzteXDQ2QE83uA,70,3.5,['delivery'],$,+12067839919,"pubs,sportsbars,tradamerican",47.6917915344238,-122.354927062988
141,6ibx5qR8YJ_AUpKUAVc1pw,daniels-broiler-seattle-7,Daniel's Broiler,https://www.yelp.com/biz/daniels-broiler-seattle-7?adjust_creative=Yd84IPqpgzteXDQ2QE83uA&utm_campaign=yelp_api_v3&utm_medium=api_v3_business_search&utm_source=Yd84IPqpgzteXDQ2QE83uA,835,3.5,"['pickup', 'delivery']",$$$$,+12066218262,"steak,seafood",47.626789,-122.33494
142,0PJ-liH3XUQtXZU2iQxBHw,beths-cafe-seattle,Beth's Cafe,https://www.yelp.com/biz/beths-cafe-seattle?adjust_creative=Yd84IPqpgzteXDQ2QE83uA&utm_campaign=yelp_api_v3&utm_medium=api_v3_business_search&utm_source=Yd84IPqpgzteXDQ2QE83uA,1429,3.5,['delivery'],$$,+12067825588,"tradamerican,diners,breakfast_brunch",47.682122,-122.344757
143,P2UisWXc3_896Pqnuttg3w,the-whits-end-seattle,The Whits End,https://www.yelp.com/biz/the-whits-end-seattle?adjust_creative=Yd84IPqpgzteXDQ2QE83uA&utm_campaign=yelp_api_v3&utm_medium=api_v3_business_search&utm_source=Yd84IPqpgzteXDQ2QE83uA,13,3.5,"['pickup', 'delivery']",$$,+12068508888,"divebars,comfortfood,sportsbars",47.676342010498,-122.35400390625
144,N-Jb41XOlbKrXtzw1bp41A,gainsbourg-seattle,Gainsbourg,https://www.yelp.com/biz/gainsbourg-seattle?adjust_creative=Yd84IPqpgzteXDQ2QE83uA&utm_campaign=yelp_api_v3&utm_medium=api_v3_business_search&utm_source=Yd84IPqpgzteXDQ2QE83uA,410,4.0,['delivery'],$$,+12067834004,"french,lounges",47.6914078,-122.3551629
145,s5vlcgzLO8uk4yZsxUQRUQ,nickerson-street-saloon-seattle,Nickerson Street Saloon,https://www.yelp.com/biz/nickerson-street-saloon-seattle?adjust_creative=Yd84IPqpgzteXDQ2QE83uA&utm_campaign=yelp_api_v3&utm_medium=api_v3_business_search&utm_source=Yd84IPqpgzteXDQ2QE83uA,172,3.5,['delivery'],$$,+12062848819,"sportsbars,tradamerican",47.646633,-122.350219
146,kNEcAj2Y3uaoOAeyZ513uA,salad-station-seattle-6,Salad Station,https://www.yelp.com/biz/salad-station-seattle-6?adjust_creative=Yd84IPqpgzteXDQ2QE83uA&utm_campaign=yelp_api_v3&utm_medium=api_v3_business_search&utm_source=Yd84IPqpgzteXDQ2QE83uA,6,2.0,"['pickup', 'delivery']",,+12066323963,salad,47.6521911621094,-122.352676391602
147,Qd63yXMnBl3f666qVuxesQ,petes-egg-nest-seattle,Pete's Egg Nest,https://www.yelp.com/biz/petes-egg-nest-seattle?adjust_creative=Yd84IPqpgzteXDQ2QE83uA&utm_campaign=yelp_api_v3&utm_medium=api_v3_business_search&utm_source=Yd84IPqpgzteXDQ2QE83uA,737,4.0,"['pickup', 'delivery']",$$,+12067845348,breakfast_brunch,47.6853,-122.35554
148,FrHhYevaOhs40xpuOpQiHg,canlis-seattle,Canlis,https://www.yelp.com/biz/canlis-seattle?adjust_creative=Yd84IPqpgzteXDQ2QE83uA&utm_campaign=yelp_api_v3&utm_medium=api_v3_business_search&utm_source=Yd84IPqpgzteXDQ2QE83uA,1496,4.0,['pickup'],$$$$,+12062833313,"newamerican,seafood",47.6430119,-122.3467676
149,nYPWL8p4embS1WqS9o-DWg,als-tavern-seattle,Al's Tavern,https://www.yelp.com/biz/als-tavern-seattle?adjust_creative=Yd84IPqpgzteXDQ2QE83uA&utm_campaign=yelp_api_v3&utm_medium=api_v3_business_search&utm_source=Yd84IPqpgzteXDQ2QE83uA,43,3.5,[],$,+12065459959,"divebars,tradamerican",47.66118,-122.33114
150,He9QzGEhbJQWhD02POGKTw,baranof-seattle,Baranof,https://www.yelp.com/biz/baranof-seattle?adjust_creative=Yd84IPqpgzteXDQ2QE83uA&utm_campaign=yelp_api_v3&utm_medium=api_v3_business_search&utm_source=Yd84IPqpgzteXDQ2QE83uA,252,3.5,[],$,+12067829260,"divebars,breakfast_brunch,karaoke",47.69176,-122.35556
151,wt3amcB6YvO2TjoO-8hxKg,the-lodge-sports-grille-seattle-3,The Lodge Sports Grille,https://www.yelp.com/biz/the-lodge-sports-grille-seattle-3?adjust_creative=Yd84IPqpgzteXDQ2QE83uA&utm_campaign=yelp_api_v3&utm_medium=api_v3_business_search&utm_source=Yd84IPqpgzteXDQ2QE83uA,198,2.5,['delivery'],$$,+12064023046,"sportsbars,tradamerican",47.6907282,-122.355599
152,Qo-l9tezF_ApTFzUhnPK1w,revel-seattle,Revel,https://www.yelp.com/biz/revel-seattle?adjust_creative=Yd84IPqpgzteXDQ2QE83uA&utm_campaign=yelp_api_v3&utm_medium=api_v3_business_search&utm_source=Yd84IPqpgzteXDQ2QE83uA,1386,3.5,"['delivery', 'pickup']",$$,+12065472040,"korean,newamerican,cocktailbars",47.652033,-122.354123
153,6OVriioGG7w7Nwq5Q25WtA,portage-bay-cafe-roosevelt-seattle,Portage Bay Cafe - Roosevelt,https://www.yelp.com/biz/portage-bay-cafe-roosevelt-seattle?adjust_creative=Yd84IPqpgzteXDQ2QE83uA&utm_campaign=yelp_api_v3&utm_medium=api_v3_business_search&utm_source=Yd84IPqpgzteXDQ2QE83uA,2427,4.0,"['restaurant_reservation', 'delivery', 'pickup']",$$,+12065478230,"newamerican,breakfast_brunch,cafes",47.65757,-122.3176
154,gP921Ghfb7ERWmOjl7r-ng,ivars-salmon-house-seattle-4,Ivar's Salmon House,https://www.yelp.com/biz/ivars-salmon-house-seattle-4?adjust_creative=Yd84IPqpgzteXDQ2QE83uA&utm_campaign=yelp_api_v3&utm_medium=api_v3_business_search&utm_source=Yd84IPqpgzteXDQ2QE83uA,1228,3.5,"['pickup', 'delivery']",$$,+12066320767,"seafood,lounges,tradamerican",47.6536199,-122.32404
155,u_v3NLu8Iy_jaf5TkGPIGw,royal-grinders-seattle-2,Royal Grinders,https://www.yelp.com/biz/royal-grinders-seattle-2?adjust_creative=Yd84IPqpgzteXDQ2QE83uA&utm_campaign=yelp_api_v3&utm_medium=api_v3_business_search&utm_source=Yd84IPqpgzteXDQ2QE83uA,628,4.5,"['delivery', 'pickup']",$$,+12062358529,"sandwiches,vegetarian,vegan",47.651337,-122.350759
